filename,power_saving,psnr,ssim,metam
div2k_hr/0001.png,0.16000020503997803,31.556364356808146,0.9928770661354065,1.078776676877169e-05
div2k_hr/0002.png,0.16000020503997803,31.30131873932351,0.993689239025116,1.0953441233141348e-05
div2k_hr/0003.png,0.16000020503997803,26.55583064250027,0.9947901368141174,1.8242977603222243e-05
div2k_hr/0004.png,0.1600002646446228,26.353855113780014,0.995794951915741,1.580837670189794e-05
div2k_hr/0005.png,0.16000020503997803,26.343026480993046,0.9948315620422363,1.6294707165798172e-05
div2k_hr/0006.png,0.16000020503997803,29.51789694731842,0.9946601986885071,1.58890488819452e-05
div2k_hr/0007.png,0.16000020503997803,29.769005324212966,0.9934538006782532,1.4124970221018884e-05
div2k_hr/0008.png,0.16000020503997803,27.22696121887889,0.9944197535514832,2.0748340830323286e-05
div2k_hr/0009.png,0.1600002646446228,26.7117507002742,0.9945980906486511,1.7087411833927035e-05
div2k_hr/0010.png,0.1600002646446228,28.74897955910887,0.9948239326477051,1.4521406228595879e-05
div2k_hr/0011.png,0.16000014543533325,28.68371625361263,0.9942874908447266,1.4813520465395413e-05
div2k_hr/0012.png,0.16000014543533325,29.24043297574149,0.9938919544219971,1.2631572644750122e-05
div2k_hr/0013.png,0.16000014543533325,32.57583438688092,0.9948659539222717,6.4090399973792955e-06
div2k_hr/0014.png,0.1600002646446228,27.942041045702673,0.994592010974884,1.4346681382448878e-05
div2k_hr/0015.png,0.16000020503997803,28.776636726230915,0.9945835471153259,1.824981882236898e-05
div2k_hr/0016.png,0.16000020503997803,26.90877088529789,0.9942982792854309,1.310644165641861e-05
div2k_hr/0017.png,0.16000014543533325,27.262105491138694,0.9941136837005615,1.5493822502321564e-05
div2k_hr/0018.png,0.1600000262260437,28.628901655548997,0.9935640692710876,1.7490969185018912e-05
div2k_hr/0019.png,0.16000020503997803,29.638885578325194,0.9935830235481262,1.3379149095271714e-05
div2k_hr/0020.png,0.16000020503997803,30.886532460760712,0.9943898320198059,1.069462359737372e-05
div2k_hr/0021.png,0.16000020503997803,27.772142748819036,0.9947376251220703,1.8669688870431855e-05
div2k_hr/0022.png,0.16000020503997803,28.00894353303189,0.9945455193519592,1.5555126083199866e-05
div2k_hr/0023.png,0.16000020503997803,29.127092558881927,0.9955080151557922,9.724489245854784e-06
div2k_hr/0024.png,0.16000020503997803,30.16197910548437,0.992460310459137,8.307374628202524e-06
div2k_hr/0025.png,0.16000032424926758,30.318610088626542,0.9945939183235168,1.3179400411900133e-05
div2k_hr/0026.png,0.16000020503997803,28.46344104450061,0.992997407913208,1.773597796272952e-05
div2k_hr/0027.png,0.1600002646446228,29.48861877227785,0.9951729774475098,1.3526366274163593e-05
div2k_hr/0028.png,0.16000020503997803,26.88893888146059,0.9947535991668701,1.8438417100696824e-05
div2k_hr/0029.png,0.16000020503997803,30.283487998737442,0.9925081729888916,1.5633690054528415e-05
div2k_hr/0030.png,0.16000020503997803,27.402133220171425,0.9947872161865234,1.7905516870087013e-05
div2k_hr/0031.png,0.1600002646446228,28.047362970096007,0.9942174553871155,2.1254169041640125e-05
div2k_hr/0032.png,0.16000020503997803,27.164135330270863,0.9954531788825989,1.3047389074927196e-05
div2k_hr/0033.png,0.1600002646446228,28.264350403277714,0.9937141537666321,1.2522064935183153e-05
div2k_hr/0034.png,0.16000008583068848,28.29923156394548,0.9933211207389832,1.7304631910519674e-05
div2k_hr/0035.png,0.16000032424926758,28.066773988830562,0.994502604007721,1.5242620975186583e-05
div2k_hr/0036.png,0.16000014543533325,24.77337017402782,0.996257483959198,1.8305045159650035e-05
div2k_hr/0037.png,0.16000020503997803,32.55538738174352,0.9928655624389648,1.29400223158882e-05
div2k_hr/0038.png,0.16000014543533325,29.612979662672462,0.9933374524116516,2.028440940193832e-05
div2k_hr/0039.png,0.16000020503997803,29.0452775574347,0.9946301579475403,1.2643413356272504e-05
div2k_hr/0040.png,0.16000014543533325,28.463381468253107,0.9960276484489441,1.4084736903896555e-05
div2k_hr/0041.png,0.16000020503997803,26.952246795999045,0.9946792125701904,1.715889993647579e-05
div2k_hr/0042.png,0.16000032424926758,30.333427576335104,0.9939936995506287,1.0935643331322353e-05
div2k_hr/0043.png,0.16000014543533325,26.552815726719764,0.9951462149620056,1.6982863598968834e-05
div2k_hr/0044.png,0.16000014543533325,29.03265634261109,0.993976354598999,1.5672714653192088e-05
div2k_hr/0045.png,0.16000014543533325,25.464771628158505,0.9951832890510559,1.6831547327456065e-05
div2k_hr/0046.png,0.16000020503997803,28.42334480667828,0.9947894215583801,1.4703618035127874e-05
div2k_hr/0047.png,0.16000020503997803,26.937735479647607,0.99546879529953,1.5128995983104687e-05
div2k_hr/0048.png,0.1600002646446228,30.007447633881462,0.9933722019195557,1.829465509217698e-05
div2k_hr/0049.png,0.16000014543533325,27.7328266793634,0.9952947497367859,1.872375469247345e-05
div2k_hr/0050.png,0.16000020503997803,28.81284635611256,0.9940865635871887,1.0261744137096684e-05
div2k_hr/0051.png,0.16000020503997803,29.267771555272745,0.9937222599983215,1.3942868463345803e-05
div2k_hr/0052.png,0.16000020503997803,28.683406310035828,0.994213879108429,1.542990685265977e-05
div2k_hr/0053.png,0.16000014543533325,27.59689008618271,0.9945318102836609,1.5282459571608342e-05
div2k_hr/0054.png,0.16000020503997803,29.333625456676536,0.9936267733573914,1.73001299117459e-05
div2k_hr/0055.png,0.16000014543533325,33.660624272897,0.9925277829170227,6.146201030787779e-06
div2k_hr/0056.png,0.16000020503997803,28.145890663496115,0.9950034022331238,1.4912308870407287e-05
div2k_hr/0057.png,0.16000014543533325,26.133873957022566,0.9961770176887512,1.5632525901310146e-05
div2k_hr/0058.png,0.16000020503997803,29.07300236748117,0.9936886429786682,1.5892877854639664e-05
div2k_hr/0059.png,0.16000014543533325,29.179038499909822,0.9930532574653625,1.139435244112974e-05
div2k_hr/0060.png,0.16000014543533325,26.977547840828038,0.9952302575111389,1.6495816453243606e-05
div2k_hr/0061.png,0.16000014543533325,33.96398266203523,0.9931068420410156,9.755655810295139e-06
div2k_hr/0062.png,0.1600002646446228,30.482671038262747,0.9929306507110596,1.3054362170805689e-05
div2k_hr/0063.png,0.16000032424926758,29.25479377841266,0.9934670329093933,1.6156813217094168e-05
div2k_hr/0064.png,0.1600002646446228,31.525872788085074,0.9930378794670105,1.2816829439543653e-05
div2k_hr/0065.png,0.1600002646446228,33.793039784572244,0.9931771159172058,8.944962246459909e-06
div2k_hr/0066.png,0.1600002646446228,29.210447015657408,0.9941039681434631,1.3739242604060564e-05
div2k_hr/0067.png,0.16000014543533325,29.38177583008958,0.9945753216743469,1.0433785973873455e-05
div2k_hr/0068.png,0.16000020503997803,26.839909674961135,0.9956521391868591,1.62637370522134e-05
div2k_hr/0069.png,0.16000020503997803,27.809701810585846,0.9935946464538574,1.5182884453679435e-05
div2k_hr/0070.png,0.16000014543533325,27.616303455196526,0.9944599270820618,1.4098068277235143e-05
div2k_hr/0071.png,0.16000020503997803,28.242045398327427,0.9945406913757324,1.3224115718912799e-05
div2k_hr/0072.png,0.16000014543533325,28.834688195337,0.9941427111625671,1.5934532711980864e-05
div2k_hr/0073.png,0.1600002646446228,26.115281566199023,0.9950099587440491,1.9827139112749137e-05
div2k_hr/0074.png,0.16000014543533325,26.001054451555817,0.9950715899467468,1.4603986528527457e-05
div2k_hr/0075.png,0.16000014543533325,27.167408162801564,0.9942249655723572,1.8130982425645925e-05
div2k_hr/0076.png,0.16000020503997803,31.997861475120047,0.9928523898124695,1.585237987455912e-05
div2k_hr/0077.png,0.16000014543533325,29.141325433971787,0.9956896901130676,1.18100588224479e-05
div2k_hr/0078.png,0.16000020503997803,28.46462258552727,0.9940975308418274,1.662545582803432e-05
div2k_hr/0079.png,0.16000008583068848,27.883692441949904,0.9949764609336853,1.5547035218332894e-05
div2k_hr/0080.png,0.16000020503997803,25.822797909523093,0.9958307147026062,1.9904362488887273e-05
div2k_hr/0081.png,0.16000014543533325,31.04357953542018,0.9940040111541748,1.0564736840024125e-05
div2k_hr/0082.png,0.1600002646446228,28.316264829622355,0.9945175647735596,1.6210215108003467e-05
div2k_hr/0083.png,0.16000014543533325,29.599064099141437,0.9945420622825623,1.446122769266367e-05
div2k_hr/0084.png,0.16000014543533325,25.299751881637253,0.9956476092338562,1.550159322505351e-05
div2k_hr/0085.png,0.16000020503997803,27.265721751087185,0.9946103096008301,1.7148415281553753e-05
div2k_hr/0086.png,0.16000032424926758,25.42880402623076,0.9948033690452576,1.4696643120259978e-05
div2k_hr/0087.png,0.1600002646446228,28.485093313711122,0.9946624636650085,1.4038741937838495e-05
div2k_hr/0088.png,0.16000020503997803,30.112576978998057,0.9959163665771484,1.4593352716474328e-05
div2k_hr/0089.png,0.16000020503997803,27.482539355762064,0.9941527247428894,1.6599495211266913e-05
div2k_hr/0090.png,0.16000020503997803,28.132144587041445,0.9947324395179749,1.8242250007460825e-05
div2k_hr/0091.png,0.16000014543533325,27.18517695525688,0.9953467845916748,1.581769720360171e-05
div2k_hr/0092.png,0.16000008583068848,27.31802753181002,0.9955169558525085,1.8455519239068963e-05
div2k_hr/0093.png,0.16000020503997803,28.68018353739585,0.9933655261993408,1.747364876791835e-05
div2k_hr/0094.png,0.1600002646446228,28.973618556489367,0.993278980255127,1.7115786249632947e-05
div2k_hr/0095.png,0.16000014543533325,27.668667988703618,0.9946702122688293,1.2502122444857378e-05
div2k_hr/0096.png,0.16000014543533325,29.465189045104335,0.9939181804656982,1.2577633242472075e-05
div2k_hr/0097.png,0.1600002646446228,30.513271509486568,0.9931144118309021,1.9139517462463118e-05
div2k_hr/0098.png,0.1600002646446228,29.276590367497214,0.9937699437141418,1.2324550880293828e-05
div2k_hr/0099.png,0.1600002646446228,28.123852659755435,0.9933999180793762,1.3247361493995413e-05
div2k_hr/0100.png,0.16000020503997803,28.4530440447482,0.99399334192276,9.770219548954628e-06
